step,epoch,train_cnt,avg_reward,avg_q,epsilon,time
10000,0,10000,-20.9090909091,220.74832184,0.05,6541.52261019
20000,0,20000,-21.0,166.151799586,0.05,11890.75544
30000,0,30000,-21.0,128.240928737,0.05,17238.521368
